https://freecodecam-learncelest-owwjtmigjkh.ws-us108.gitpod.io/  

psql --username=freecodecamp --dbname=postgres < universe.sql

--
-- PostgreSQL database dump
--

-- Dumped from database version 12.17 (Ubuntu 12.17-1.pgdg22.04+1)
-- Dumped by pg_dump version 12.17 (Ubuntu 12.17-1.pgdg22.04+1)

SET statement_timeout = 0;
SET lock_timeout = 0;
SET idle_in_transaction_session_timeout = 0;
SET client_encoding = 'UTF8';
SET standard_conforming_strings = on;
SELECT pg_catalog.set_config('search_path', '', false);
SET check_function_bodies = false;
SET xmloption = content;
SET client_min_messages = warning;
SET row_security = off;

DROP DATABASE universe;
--
-- Name: universe; Type: DATABASE; Schema: -; Owner: freecodecamp
--

CREATE DATABASE universe WITH TEMPLATE = template0 ENCODING = 'UTF8' LC_COLLATE = 'C.UTF-8' LC_CTYPE = 'C.UTF-8';


ALTER DATABASE universe OWNER TO freecodecamp;

\connect universe

SET statement_timeout = 0;
SET lock_timeout = 0;
SET idle_in_transaction_session_timeout = 0;
SET client_encoding = 'UTF8';
SET standard_conforming_strings = on;
SELECT pg_catalog.set_config('search_path', '', false);
SET check_function_bodies = false;
SET xmloption = content;
SET client_min_messages = warning;
SET row_security = off;

SET default_tablespace = '';

SET default_table_access_method = heap;

--
-- Name: exoplanet; Type: TABLE; Schema: public; Owner: freecodecamp
--

CREATE TABLE public.exoplanet (
    exoplanet_id integer NOT NULL,
    name character varying(100) NOT NULL,
    star_id integer,
    discovery_method character varying(100),
    discovery_year integer,
    orbital_period_days double precision,
    radius_km double precision,
    mass_kg double precision,
    old_star_id integer
);


ALTER TABLE public.exoplanet OWNER TO freecodecamp;

--
-- Name: exoplanet_exoplanet_id_seq; Type: SEQUENCE; Schema: public; Owner: freecodecamp
--

CREATE SEQUENCE public.exoplanet_exoplanet_id_seq
    AS integer
    START WITH 1
    INCREMENT BY 1
    NO MINVALUE
    NO MAXVALUE
    CACHE 1;


ALTER TABLE public.exoplanet_exoplanet_id_seq OWNER TO freecodecamp;

--
-- Name: exoplanet_exoplanet_id_seq; Type: SEQUENCE OWNED BY; Schema: public; Owner: freecodecamp
--

ALTER SEQUENCE public.exoplanet_exoplanet_id_seq OWNED BY public.exoplanet.exoplanet_id;


--
-- Name: galaxy; Type: TABLE; Schema: public; Owner: freecodecamp
--

CREATE TABLE public.galaxy (
    galaxy_id integer NOT NULL,
    name character varying(100) NOT NULL,
    type character varying(50),
    distance_light_years integer,
    size character varying(50),
    num_of_stars integer
);


ALTER TABLE public.galaxy OWNER TO freecodecamp;

--
-- Name: galaxy_galaxy_id_seq; Type: SEQUENCE; Schema: public; Owner: freecodecamp
--

CREATE SEQUENCE public.galaxy_galaxy_id_seq
    AS integer
    START WITH 1
    INCREMENT BY 1
    NO MINVALUE
    NO MAXVALUE
    CACHE 1;


ALTER TABLE public.galaxy_galaxy_id_seq OWNER TO freecodecamp;

--
-- Name: galaxy_galaxy_id_seq; Type: SEQUENCE OWNED BY; Schema: public; Owner: freecodecamp
--

ALTER SEQUENCE public.galaxy_galaxy_id_seq OWNED BY public.galaxy.galaxy_id;


--
-- Name: moon; Type: TABLE; Schema: public; Owner: freecodecamp
--

CREATE TABLE public.moon (
    moon_id integer NOT NULL,
    name character varying(100) NOT NULL,
    planet_id integer,
    radius_km integer,
    mass_kg double precision,
    distance_from_planet_km double precision,
    orbital_period_days double precision,
    discovery_year integer
);


ALTER TABLE public.moon OWNER TO freecodecamp;

--
-- Name: moon_moon_id_seq; Type: SEQUENCE; Schema: public; Owner: freecodecamp
--

CREATE SEQUENCE public.moon_moon_id_seq
    AS integer
    START WITH 1
    INCREMENT BY 1
    NO MINVALUE
    NO MAXVALUE
    CACHE 1;


ALTER TABLE public.moon_moon_id_seq OWNER TO freecodecamp;

--
-- Name: moon_moon_id_seq; Type: SEQUENCE OWNED BY; Schema: public; Owner: freecodecamp
--

ALTER SEQUENCE public.moon_moon_id_seq OWNED BY public.moon.moon_id;


--
-- Name: planet; Type: TABLE; Schema: public; Owner: freecodecamp
--

CREATE TABLE public.planet (
    planet_id integer NOT NULL,
    name character varying(100) NOT NULL,
    star_id integer,
    radius_km integer,
    mass_kg double precision,
    distance_from_star_km double precision,
    orbital_period_days double precision,
    num_of_moons integer,
    habitable boolean
);


ALTER TABLE public.planet OWNER TO freecodecamp;

--
-- Name: planet_planet_id_seq; Type: SEQUENCE; Schema: public; Owner: freecodecamp
--

CREATE SEQUENCE public.planet_planet_id_seq
    AS integer
    START WITH 1
    INCREMENT BY 1
    NO MINVALUE
    NO MAXVALUE
    CACHE 1;


ALTER TABLE public.planet_planet_id_seq OWNER TO freecodecamp;

--
-- Name: planet_planet_id_seq; Type: SEQUENCE OWNED BY; Schema: public; Owner: freecodecamp
--

ALTER SEQUENCE public.planet_planet_id_seq OWNED BY public.planet.planet_id;


--
-- Name: star; Type: TABLE; Schema: public; Owner: freecodecamp
--

CREATE TABLE public.star (
    star_id integer NOT NULL,
    name character varying(100) NOT NULL,
    galaxy_id integer,
    spectral_class text,
    luminosity numeric,
    age_years double precision,
    temperature_kelvin double precision,
    num_of_planets integer,
    ring_system boolean
);


ALTER TABLE public.star OWNER TO freecodecamp;

--
-- Name: star_star_id_seq; Type: SEQUENCE; Schema: public; Owner: freecodecamp
--

CREATE SEQUENCE public.star_star_id_seq
    AS integer
    START WITH 1
    INCREMENT BY 1
    NO MINVALUE
    NO MAXVALUE
    CACHE 1;


ALTER TABLE public.star_star_id_seq OWNER TO freecodecamp;

--
-- Name: star_star_id_seq; Type: SEQUENCE OWNED BY; Schema: public; Owner: freecodecamp
--

ALTER SEQUENCE public.star_star_id_seq OWNED BY public.star.star_id;


--
-- Name: exoplanet exoplanet_id; Type: DEFAULT; Schema: public; Owner: freecodecamp
--

ALTER TABLE ONLY public.exoplanet ALTER COLUMN exoplanet_id SET DEFAULT nextval('public.exoplanet_exoplanet_id_seq'::regclass);


--
-- Name: galaxy galaxy_id; Type: DEFAULT; Schema: public; Owner: freecodecamp
--

ALTER TABLE ONLY public.galaxy ALTER COLUMN galaxy_id SET DEFAULT nextval('public.galaxy_galaxy_id_seq'::regclass);


--
-- Name: moon moon_id; Type: DEFAULT; Schema: public; Owner: freecodecamp
--

ALTER TABLE ONLY public.moon ALTER COLUMN moon_id SET DEFAULT nextval('public.moon_moon_id_seq'::regclass);


--
-- Name: planet planet_id; Type: DEFAULT; Schema: public; Owner: freecodecamp
--

ALTER TABLE ONLY public.planet ALTER COLUMN planet_id SET DEFAULT nextval('public.planet_planet_id_seq'::regclass);


--
-- Name: star star_id; Type: DEFAULT; Schema: public; Owner: freecodecamp
--

ALTER TABLE ONLY public.star ALTER COLUMN star_id SET DEFAULT nextval('public.star_star_id_seq'::regclass);


--
-- Data for Name: exoplanet; Type: TABLE DATA; Schema: public; Owner: freecodecamp
--

INSERT INTO public.exoplanet VALUES (1, 'Proxima Centauri b', 2, 'Radial Velocity', 2016, 11.2, 6000, 1.17e+25, NULL);
INSERT INTO public.exoplanet VALUES (2, 'TRAPPIST-1d', 3, 'Transit', 2017, 4.05, 9500, 3.5e+24, NULL);
INSERT INTO public.exoplanet VALUES (3, 'Kepler-186f', 4, 'Transit', 2014, 129.9, 11267, 3.9e+24, NULL);


--
-- Data for Name: galaxy; Type: TABLE DATA; Schema: public; Owner: freecodecamp
--

INSERT INTO public.galaxy VALUES (1, 'Messier 87', 'Elliptical', 53000000, NULL, NULL);
INSERT INTO public.galaxy VALUES (2, 'NGC 1300', 'Barred Spiral', 61000000, NULL, NULL);
INSERT INTO public.galaxy VALUES (3, 'Sombrero', 'Spiral', 29000000, NULL, NULL);
INSERT INTO public.galaxy VALUES (4, 'Centaurus A', 'Elliptical', 11000000, NULL, NULL);
INSERT INTO public.galaxy VALUES (5, 'Whirlpool', 'Spiral', 31000000, NULL, NULL);
INSERT INTO public.galaxy VALUES (6, 'Pinwheel', 'Spiral', 29000000, NULL, NULL);
INSERT INTO public.galaxy VALUES (7, 'Milky Way', 'Spiral', 100000, 'Large', 200);
INSERT INTO public.galaxy VALUES (8, 'Andromeda', 'Spiral', 2200000, 'Giant', 300);
INSERT INTO public.galaxy VALUES (9, 'Triangulum', 'Spiral', 3000000, 'Small', 100);


--
-- Data for Name: moon; Type: TABLE DATA; Schema: public; Owner: freecodecamp
--

INSERT INTO public.moon VALUES (20, 'Europa', 10, 1561, 4.8e+22, 671100, NULL, NULL);
INSERT INTO public.moon VALUES (21, 'Ganymede', 10, 2634, 1.4799999999999999e+23, 1070000, NULL, NULL);
INSERT INTO public.moon VALUES (22, 'Callisto', 10, 2410, 1.0800000000000001e+23, 1883000, NULL, NULL);
INSERT INTO public.moon VALUES (23, 'Io', 10, 1822, 8.93e+22, 421800, NULL, NULL);
INSERT INTO public.moon VALUES (24, 'Titan', 11, 2575, 1.3452e+23, 1221870, NULL, NULL);
INSERT INTO public.moon VALUES (25, 'Rhea', 12, 764, 2.31e+21, 527040, NULL, NULL);
INSERT INTO public.moon VALUES (26, 'Iapetus', 12, 734, 1.8e+21, 3560000, NULL, NULL);
INSERT INTO public.moon VALUES (27, 'Dione', 12, 561, 1.1e+21, 377000, NULL, NULL);
INSERT INTO public.moon VALUES (28, 'Triton', 10, 1353, 2.1400000000000002e+22, 354759, NULL, NULL);
INSERT INTO public.moon VALUES (29, 'Charon', 11, 606, 1.586e+21, 19591, NULL, NULL);
INSERT INTO public.moon VALUES (30, 'Nereid', 11, 170, 3e+19, 5513810, NULL, NULL);
INSERT INTO public.moon VALUES (31, 'Tethys', 12, 531, 6.2e+20, 294660, NULL, NULL);
INSERT INTO public.moon VALUES (32, 'Enceladus', 12, 252, 1.08e+20, 238040, NULL, NULL);
INSERT INTO public.moon VALUES (33, 'Ariel', 11, 579, 1.3e+21, 190900, NULL, NULL);
INSERT INTO public.moon VALUES (34, 'Umbriel', 11, 585, 1.2e+21, 266300, NULL, NULL);
INSERT INTO public.moon VALUES (35, 'Miranda', 11, 236, 6.6e+19, 129780, NULL, NULL);
INSERT INTO public.moon VALUES (36, 'Oberon', 11, 761, 3.014e+21, 583520, NULL, NULL);
INSERT INTO public.moon VALUES (37, 'Tethys II', 12, 1062, 6.22e+21, 431000, NULL, NULL);
INSERT INTO public.moon VALUES (38, 'Hyperion', 12, 270, 1.77e+19, 1481600, NULL, NULL);
INSERT INTO public.moon VALUES (40, 'Pluto I', 11, 1188, 1.3100000000000001e+22, 19571, NULL, NULL);
INSERT INTO public.moon VALUES (41, 'Moon', 3, 1737, 7.342e+22, 384400, 27.3, NULL);
INSERT INTO public.moon VALUES (42, 'Phobos', 4, 11, 1.0659e+16, 9378, 0.3, NULL);
INSERT INTO public.moon VALUES (43, 'Deimos', 4, 6, 2.4e+15, 23460, 1.3, NULL);


--
-- Data for Name: planet; Type: TABLE DATA; Schema: public; Owner: freecodecamp
--

INSERT INTO public.planet VALUES (1, 'Mars', 1, 3390, 6.4171e+23, 227939200, NULL, NULL, NULL);
INSERT INTO public.planet VALUES (2, 'Jupiter', 1, 69911, 1.8982e+27, 778570000, NULL, NULL, NULL);
INSERT INTO public.planet VALUES (3, 'Saturn', 1, 58232, 5.6834e+26, 1433449370, NULL, NULL, NULL);
INSERT INTO public.planet VALUES (4, 'Uranus', 1, 25362, 8.681e+25, 2870671400, NULL, NULL, NULL);
INSERT INTO public.planet VALUES (5, 'Neptune', 1, 24622, 1.02413e+26, 4498542600, NULL, NULL, NULL);
INSERT INTO public.planet VALUES (6, 'Proxima Centauri b', 2, 6000, 1.17e+25, 69000000, NULL, NULL, NULL);
INSERT INTO public.planet VALUES (7, 'TRAPPIST-1b', 3, 7000, 1.17e+25, 92100000, NULL, NULL, NULL);
INSERT INTO public.planet VALUES (8, 'TRAPPIST-1c', 3, 9000, 1.17e+25, 156000000, NULL, NULL, NULL);
INSERT INTO public.planet VALUES (9, 'TRAPPIST-1d', 3, 9500, 1.17e+25, 224000000, NULL, NULL, NULL);
INSERT INTO public.planet VALUES (10, 'Kepler-186f', 4, 11267, 3.9e+24, 166000000, NULL, NULL, NULL);
INSERT INTO public.planet VALUES (11, 'Gliese 581c', 5, 7300, 1.7e+25, 0.073, NULL, NULL, NULL);
INSERT INTO public.planet VALUES (12, 'Gliese 581d', 5, 9930, 6.98e+25, 0.22, NULL, NULL, NULL);
INSERT INTO public.planet VALUES (13, 'Mercury', 1, 2440, 3.3011e+23, 57909050, 87.97, 0, false);
INSERT INTO public.planet VALUES (14, 'Venus', 1, 6052, 4.8675e+24, 108208000, 224.7, 0, false);
INSERT INTO public.planet VALUES (15, 'Earth', 1, 6371, 5.9724e+24, 149598023, 365.25, 1, true);


--
-- Data for Name: star; Type: TABLE DATA; Schema: public; Owner: freecodecamp
--

INSERT INTO public.star VALUES (1, 'Sirius', 1, 'A1V', 24, 2.6, NULL, NULL, NULL);
INSERT INTO public.star VALUES (2, 'Canopus', 1, 'F0Ib', 15000, 8.7, NULL, NULL, NULL);
INSERT INTO public.star VALUES (3, 'Alpha Centauri B', 1, 'K1V', 0, 6, NULL, NULL, NULL);
INSERT INTO public.star VALUES (4, 'Arcturus', 1, 'K1.5III', 170, 7.1, NULL, NULL, NULL);
INSERT INTO public.star VALUES (5, 'Vega', 1, 'A0V', 37, 0.455, NULL, NULL, NULL);
INSERT INTO public.star VALUES (6, 'Rigel', 1, 'B8Ia', 120000, 8.5, NULL, NULL, NULL);
INSERT INTO public.star VALUES (7, 'Sun', 1, 'G2V', 1.0, 4.6, 5778, 8, false);
INSERT INTO public.star VALUES (8, 'Alpha Centauri A', 1, 'G2V', 1.5, 6, 5790, 5, false);
INSERT INTO public.star VALUES (9, 'Betelgeuse', 1, 'M1Ia', 100000, 8, 3600, 0, false);


--
-- Name: exoplanet_exoplanet_id_seq; Type: SEQUENCE SET; Schema: public; Owner: freecodecamp
--

SELECT pg_catalog.setval('public.exoplanet_exoplanet_id_seq', 3, true);


--
-- Name: galaxy_galaxy_id_seq; Type: SEQUENCE SET; Schema: public; Owner: freecodecamp
--

SELECT pg_catalog.setval('public.galaxy_galaxy_id_seq', 9, true);


--
-- Name: moon_moon_id_seq; Type: SEQUENCE SET; Schema: public; Owner: freecodecamp
--

SELECT pg_catalog.setval('public.moon_moon_id_seq', 43, true);


--
-- Name: planet_planet_id_seq; Type: SEQUENCE SET; Schema: public; Owner: freecodecamp
--

SELECT pg_catalog.setval('public.planet_planet_id_seq', 15, true);


--
-- Name: star_star_id_seq; Type: SEQUENCE SET; Schema: public; Owner: freecodecamp
--

SELECT pg_catalog.setval('public.star_star_id_seq', 9, true);


--
-- Name: exoplanet exoplanet_pkey; Type: CONSTRAINT; Schema: public; Owner: freecodecamp
--

ALTER TABLE ONLY public.exoplanet
    ADD CONSTRAINT exoplanet_pkey PRIMARY KEY (exoplanet_id);


--
-- Name: galaxy galaxy_pkey; Type: CONSTRAINT; Schema: public; Owner: freecodecamp
--

ALTER TABLE ONLY public.galaxy
    ADD CONSTRAINT galaxy_pkey PRIMARY KEY (galaxy_id);


--
-- Name: moon moon_pkey; Type: CONSTRAINT; Schema: public; Owner: freecodecamp
--

ALTER TABLE ONLY public.moon
    ADD CONSTRAINT moon_pkey PRIMARY KEY (moon_id);


--
-- Name: planet planet_pkey; Type: CONSTRAINT; Schema: public; Owner: freecodecamp
--

ALTER TABLE ONLY public.planet
    ADD CONSTRAINT planet_pkey PRIMARY KEY (planet_id);


--
-- Name: star star_pkey; Type: CONSTRAINT; Schema: public; Owner: freecodecamp
--

ALTER TABLE ONLY public.star
    ADD CONSTRAINT star_pkey PRIMARY KEY (star_id);


--
-- Name: exoplanet unique_exoplanet_name; Type: CONSTRAINT; Schema: public; Owner: freecodecamp
--

ALTER TABLE ONLY public.exoplanet
    ADD CONSTRAINT unique_exoplanet_name UNIQUE (name);


--
-- Name: galaxy unique_galaxy_name; Type: CONSTRAINT; Schema: public; Owner: freecodecamp
--

ALTER TABLE ONLY public.galaxy
    ADD CONSTRAINT unique_galaxy_name UNIQUE (name);


--
-- Name: moon unique_moon_name; Type: CONSTRAINT; Schema: public; Owner: freecodecamp
--

ALTER TABLE ONLY public.moon
    ADD CONSTRAINT unique_moon_name UNIQUE (name);


--
-- Name: planet unique_planet_name; Type: CONSTRAINT; Schema: public; Owner: freecodecamp
--

ALTER TABLE ONLY public.planet
    ADD CONSTRAINT unique_planet_name UNIQUE (name);


--
-- Name: star unique_star_name; Type: CONSTRAINT; Schema: public; Owner: freecodecamp
--

ALTER TABLE ONLY public.star
    ADD CONSTRAINT unique_star_name UNIQUE (name);


--
-- Name: exoplanet exoplanet_host_star_id_fkey; Type: FK CONSTRAINT; Schema: public; Owner: freecodecamp
--

ALTER TABLE ONLY public.exoplanet
    ADD CONSTRAINT exoplanet_host_star_id_fkey FOREIGN KEY (star_id) REFERENCES public.star(star_id);


--
-- Name: moon moon_planet_id; Type: FK CONSTRAINT; Schema: public; Owner: freecodecamp
--

ALTER TABLE ONLY public.moon
    ADD CONSTRAINT moon_planet_id FOREIGN KEY (planet_id) REFERENCES public.planet(planet_id);


--
-- Name: planet planet_star_id; Type: FK CONSTRAINT; Schema: public; Owner: freecodecamp
--

ALTER TABLE ONLY public.planet
    ADD CONSTRAINT planet_star_id FOREIGN KEY (star_id) REFERENCES public.star(star_id);


--
-- Name: star star_galaxy_id; Type: FK CONSTRAINT; Schema: public; Owner: freecodecamp
--

ALTER TABLE ONLY public.star
    ADD CONSTRAINT star_galaxy_id FOREIGN KEY (galaxy_id) REFERENCES public.galaxy(galaxy_id);


--
-- PostgreSQL database dump complete
--
camper: /project$ psql -U postgres < universe.sql
Border style is 2.
Pager usage is off.
SET
SET
SET
SET
SET
+------------+
| set_config |
+------------+
|            |
+------------+
(1 row)

SET
SET
SET
SET
DROP DATABASE
CREATE DATABASE
ALTER DATABASE
You are now connected to database "universe" as user "postgres".
SET
SET
SET
SET
SET
+------------+
| set_config |
+------------+
|            |
+------------+
(1 row)

SET
SET
SET
SET
SET
SET
CREATE TABLE
ALTER TABLE
CREATE SEQUENCE
ALTER TABLE
ALTER SEQUENCE
CREATE TABLE
ALTER TABLE
CREATE SEQUENCE
ALTER TABLE
ALTER SEQUENCE
CREATE TABLE
ALTER TABLE
CREATE SEQUENCE
ALTER TABLE
ALTER SEQUENCE
CREATE TABLE
ALTER TABLE
CREATE SEQUENCE
ALTER TABLE
ALTER SEQUENCE
CREATE TABLE
ALTER TABLE
CREATE SEQUENCE
ALTER TABLE
ALTER SEQUENCE
ALTER TABLE
ALTER TABLE
ALTER TABLE
ALTER TABLE
ALTER TABLE
INSERT 0 1
INSERT 0 1
INSERT 0 1
INSERT 0 1
INSERT 0 1
INSERT 0 1
INSERT 0 1
INSERT 0 1
INSERT 0 1
INSERT 0 1
INSERT 0 1
INSERT 0 1
INSERT 0 1
INSERT 0 1
INSERT 0 1
INSERT 0 1
INSERT 0 1
INSERT 0 1
INSERT 0 1
INSERT 0 1
INSERT 0 1
INSERT 0 1
INSERT 0 1
INSERT 0 1
INSERT 0 1
INSERT 0 1
INSERT 0 1
INSERT 0 1
INSERT 0 1
INSERT 0 1
INSERT 0 1
INSERT 0 1
INSERT 0 1
INSERT 0 1
INSERT 0 1
INSERT 0 1
INSERT 0 1
INSERT 0 1
INSERT 0 1
INSERT 0 1
INSERT 0 1
INSERT 0 1
INSERT 0 1
INSERT 0 1
INSERT 0 1
INSERT 0 1
INSERT 0 1
INSERT 0 1
INSERT 0 1
INSERT 0 1
INSERT 0 1
INSERT 0 1
INSERT 0 1
INSERT 0 1
INSERT 0 1
INSERT 0 1
INSERT 0 1
INSERT 0 1
INSERT 0 1
+--------+
| setval |
+--------+
|      3 |
+--------+
(1 row)

+--------+
| setval |
+--------+
|      9 |
+--------+
(1 row)

+--------+
| setval |
+--------+
|     43 |
+--------+
(1 row)

+--------+
| setval |
+--------+
|     15 |
+--------+
(1 row)

+--------+
| setval |
+--------+
|      9 |
+--------+
(1 row)

ALTER TABLE
ALTER TABLE
ALTER TABLE
ALTER TABLE
ALTER TABLE
ALTER TABLE
ALTER TABLE
ALTER TABLE
ALTER TABLE
ALTER TABLE
ALTER TABLE
ALTER TABLE
ALTER TABLE
ALTER TABLE
